stage,target_channel,sweep_value,sweep_unit,bias_I,bias_Q,bias_P,pilot_mode,blocks,mag_fI,mag_fQ,mag_fdiff_200,mag_fsum_2200,dc
qtp,p,0.060000,V,5.130000,-6.020000,0.060000,onboard,6,0.006478388,0.013299433,0.001579239,0.000632165,0.036825527
qtp,p,0.070000,V,5.130000,-6.020000,0.070000,onboard,6,0.006570866,0.013330596,0.000693123,0.000696511,0.035039637
qtp,p,0.080000,V,5.130000,-6.020000,0.080000,onboard,6,0.006556708,0.013357255,0.000770570,0.000697158,0.034870837
qtp,p,0.090000,V,5.130000,-6.020000,0.090000,onboard,6,0.006561516,0.013356929,0.000767620,0.000684834,0.034895018
qtp,p,0.100000,V,5.130000,-6.020000,0.100000,onboard,6,0.006557414,0.013357476,0.000704995,0.000675838,0.034931455
qtp,p,0.110000,V,5.130000,-6.020000,0.110000,onboard,6,0.006541064,0.013372536,0.000731172,0.000670304,0.034995154
qtp,p,0.120000,V,5.130000,-6.020000,0.120000,onboard,6,0.006484989,0.013373018,0.000716795,0.000668075,0.035060223
qtp,p,0.130000,V,5.130000,-6.020000,0.130000,onboard,6,0.006450661,0.013376527,0.000741083,0.000658823,0.035107311
qtp,p,0.140000,V,5.130000,-6.020000,0.140000,onboard,6,0.006447448,0.013377513,0.000705910,0.000657955,0.035144258
qtp,p,0.150000,V,5.130000,-6.020000,0.150000,onboard,6,0.006452341,0.013369206,0.000664952,0.000642397,0.035214305
qtp,p,0.160000,V,5.130000,-6.020000,0.160000,onboard,6,0.006426964,0.013383663,0.000715936,0.000641979,0.035250477
qtp,p,0.170000,V,5.130000,-6.020000,0.170000,onboard,6,0.006375707,0.013374691,0.000694007,0.000638777,0.035307262
qtp,p,0.180000,V,5.130000,-6.020000,0.180000,onboard,6,0.006338255,0.013387319,0.000678181,0.000628712,0.035367120
qtp,p,0.190000,V,5.130000,-6.020000,0.190000,onboard,6,0.006330681,0.013392474,0.000669684,0.000623062,0.035426918
qtp,p,0.200000,V,5.130000,-6.020000,0.200000,onboard,6,0.006333091,0.013389780,0.000655757,0.000611075,0.035478309
qtp,p,0.210000,V,5.130000,-6.020000,0.210000,onboard,6,0.006318513,0.013395515,0.000676078,0.000604472,0.035544105
qtp,p,0.220000,V,5.130000,-6.020000,0.220000,onboard,6,0.006248890,0.013381052,0.000644476,0.000599791,0.035584111
qtp,p,0.230000,V,5.130000,-6.020000,0.230000,onboard,6,0.006214305,0.013392287,0.000635282,0.000593469,0.035638221
qtp,p,0.240000,V,5.130000,-6.020000,0.240000,onboard,6,0.006219699,0.013402845,0.000631754,0.000579922,0.035710320
qtp,p,0.250000,V,5.130000,-6.020000,0.250000,onboard,6,0.006217615,0.013389505,0.000615251,0.000569085,0.035780564
qtp,p,0.260000,V,5.130000,-6.020000,0.260000,onboard,6,0.006188266,0.013400382,0.000622978,0.000579102,0.035830785
qtp,p,0.270000,V,5.130000,-6.020000,0.270000,onboard,6,0.006131779,0.013384060,0.000572762,0.000575825,0.035843540
qtp,p,0.280000,V,5.130000,-6.020000,0.280000,onboard,6,0.006096414,0.013403191,0.000614452,0.000558457,0.035916131
qtp,p,0.290000,V,5.130000,-6.020000,0.290000,onboard,6,0.006092870,0.013411053,0.000599745,0.000558839,0.035981145
qtp,p,0.300000,V,5.130000,-6.020000,0.300000,onboard,6,0.006094599,0.013401591,0.000567782,0.000538037,0.036029566
qtp,p,0.310000,V,5.130000,-6.020000,0.310000,onboard,6,0.006066935,0.013420281,0.000573537,0.000539523,0.036080912
qtp,p,0.320000,V,5.130000,-6.020000,0.320000,onboard,6,0.006009817,0.013413063,0.000551395,0.000531341,0.036146495
qtp,p,0.330000,V,5.130000,-6.020000,0.330000,onboard,6,0.005968769,0.013432208,0.000572413,0.000518136,0.036221862
qtp,p,0.340000,V,5.130000,-6.020000,0.340000,onboard,6,0.005954636,0.013422451,0.000561315,0.000516101,0.036261100
qtp,p,0.350000,V,5.130000,-6.020000,0.350000,onboard,6,0.005951766,0.013409331,0.000525241,0.000506876,0.036296967
qtp,p,0.360000,V,5.130000,-6.020000,0.360000,onboard,6,0.005943075,0.013434007,0.000528563,0.000504812,0.036369167
qtp,p,0.370000,V,5.130000,-6.020000,0.370000,onboard,6,0.005863795,0.013410411,0.000539533,0.000504462,0.036413271
qtp,p,0.380000,V,5.130000,-6.020000,0.380000,onboard,6,0.005839428,0.013437547,0.000553210,0.000496991,0.036480386
qtp,p,0.390000,V,5.130000,-6.020000,0.390000,onboard,6,0.005838752,0.013441156,0.000524843,0.000480518,0.036558859
qtp,p,0.400000,V,5.130000,-6.020000,0.400000,onboard,6,0.005829528,0.013418369,0.000476757,0.000472273,0.036602277
qtp,p,0.410000,V,5.130000,-6.020000,0.410000,onboard,6,0.005801362,0.013425951,0.000510259,0.000466194,0.036630463
qtp,p,0.420000,V,5.130000,-6.020000,0.420000,onboard,6,0.005744787,0.013422352,0.000488078,0.000467561,0.036693804
qtp,p,0.430000,V,5.130000,-6.020000,0.430000,onboard,6,0.005710822,0.013440069,0.000487428,0.000457111,0.036757603
qtp,p,0.440000,V,5.130000,-6.020000,0.440000,onboard,6,0.005704511,0.013448592,0.000473562,0.000455328,0.036812589
qtp,p,0.450000,V,5.130000,-6.020000,0.450000,onboard,6,0.005702709,0.013435011,0.000433339,0.000437931,0.036877017
qtp,p,0.460000,V,5.130000,-6.020000,0.460000,onboard,6,0.005670998,0.013449174,0.000496292,0.000436139,0.036924172
qtp,p,0.470000,V,5.130000,-6.020000,0.470000,onboard,6,0.005609019,0.013438885,0.000459191,0.000430623,0.036973972
qtp,p,0.480000,V,5.130000,-6.020000,0.480000,onboard,6,0.005568558,0.013452752,0.000461660,0.000426460,0.037014797
qtp,p,0.490000,V,5.130000,-6.020000,0.490000,onboard,6,0.005558255,0.013449370,0.000430053,0.000412457,0.037070841
qtp,p,0.500000,V,5.130000,-6.020000,0.500000,onboard,6,0.005554954,0.013444949,0.000411106,0.000409531,0.037142828
qtp,p,0.510000,V,5.130000,-6.020000,0.510000,onboard,6,0.005531440,0.013462749,0.000422928,0.000398563,0.037222799
qtp,p,0.520000,V,5.130000,-6.020000,0.520000,onboard,6,0.005471147,0.013455848,0.000409781,0.000397324,0.037303075
qtp,p,0.530000,V,5.130000,-6.020000,0.530000,onboard,6,0.005431222,0.013456712,0.000418639,0.000391383,0.037348893
qtp,p,0.540000,V,5.130000,-6.020000,0.540000,onboard,6,0.005413915,0.013440728,0.000429557,0.000385067,0.037372779
qtp,p,0.550000,V,5.130000,-6.020000,0.550000,onboard,6,0.005426509,0.013439655,0.000414074,0.000378548,0.037425499
qtp,p,0.560000,V,5.130000,-6.020000,0.560000,onboard,6,0.005404138,0.013468355,0.000387140,0.000367184,0.037524715
qtp,p,0.570000,V,5.130000,-6.020000,0.570000,onboard,6,0.005342849,0.013458416,0.000374860,0.000358629,0.037599053
qtp,p,0.580000,V,5.130000,-6.020000,0.580000,onboard,6,0.005288531,0.013444956,0.000406474,0.000355457,0.037639897
qtp,p,0.590000,V,5.130000,-6.020000,0.590000,onboard,6,0.005278168,0.013447641,0.000398643,0.000346334,0.037672412
qtp,p,0.600000,V,5.130000,-6.020000,0.600000,onboard,6,0.005281493,0.013450518,0.000342387,0.000337497,0.037764117
qtp,p,0.610000,V,5.130000,-6.020000,0.610000,onboard,6,0.005259752,0.013466366,0.000366370,0.000330061,0.037844993
qtp,p,0.620000,V,5.130000,-6.020000,0.620000,onboard,6,0.005193796,0.013455589,0.000351240,0.000327231,0.037903305
qtp,p,0.630000,V,5.130000,-6.020000,0.630000,onboard,6,0.005152897,0.013455551,0.000393001,0.000318893,0.037929628
qtp,p,0.640000,V,5.130000,-6.020000,0.640000,onboard,6,0.005153910,0.013461831,0.000369375,0.000310811,0.037982598
qtp,p,0.650000,V,5.130000,-6.020000,0.650000,onboard,6,0.005149822,0.013448421,0.000298651,0.000302543,0.038031686
qtp,p,0.660000,V,5.130000,-6.020000,0.660000,onboard,6,0.005120217,0.013456111,0.000343730,0.000300707,0.038078707
qtp,p,0.670000,V,5.130000,-6.020000,0.670000,onboard,6,0.005056022,0.013441951,0.000358168,0.000298663,0.038120139
qtp,p,0.680000,V,5.130000,-6.020000,0.680000,onboard,6,0.005015482,0.013464906,0.000340914,0.000284117,0.038226966
qtp,p,0.690000,V,5.130000,-6.020000,0.690000,onboard,6,0.005002283,0.013472610,0.000304689,0.000279136,0.038314778
qtp,p,0.700000,V,5.130000,-6.020000,0.700000,onboard,6,0.004994892,0.013456762,0.000291492,0.000260423,0.038371053
qtp,p,0.710000,V,5.130000,-6.020000,0.710000,onboard,6,0.004974105,0.013469993,0.000314679,0.000263768,0.038414091
qtp,p,0.720000,V,5.130000,-6.020000,0.720000,onboard,6,0.004904664,0.013457779,0.000298839,0.000256338,0.038463484
qtp,p,0.730000,V,5.130000,-6.020000,0.730000,onboard,6,0.004862048,0.013449439,0.000288245,0.000249539,0.038497571
qtp,p,0.740000,V,5.130000,-6.020000,0.740000,onboard,6,0.004856763,0.013451852,0.000276748,0.000243053,0.038552556
qtp,p,0.750000,V,5.130000,-6.020000,0.750000,onboard,6,0.004864807,0.013448711,0.000257265,0.000225618,0.038640238
qtp,p,0.760000,V,5.130000,-6.020000,0.760000,onboard,6,0.004836597,0.013460624,0.000293919,0.000226417,0.038712464
qtp,p,0.770000,V,5.130000,-6.020000,0.770000,onboard,6,0.004774053,0.013444598,0.000241742,0.000221846,0.038778786
qtp,p,0.780000,V,5.130000,-6.020000,0.780000,onboard,6,0.004724727,0.013441261,0.000246290,0.000212114,0.038814723
qtp,p,0.790000,V,5.130000,-6.020000,0.790000,onboard,6,0.004713766,0.013436952,0.000255925,0.000199627,0.038847446
qtp,p,0.800000,V,5.130000,-6.020000,0.800000,onboard,6,0.004712822,0.013446677,0.000208342,0.000192721,0.038935516
qtp,p,0.810000,V,5.130000,-6.020000,0.810000,onboard,6,0.004681839,0.013459977,0.000198802,0.000192934,0.039014291
qtp,p,0.820000,V,5.130000,-6.020000,0.820000,onboard,6,0.004610517,0.013434782,0.000188259,0.000189248,0.039068844
qtp,p,0.830000,V,5.130000,-6.020000,0.830000,onboard,6,0.004576903,0.013435572,0.000204273,0.000175404,0.039108831
qtp,p,0.839999,V,5.130000,-6.020000,0.839999,onboard,6,0.004570724,0.013435416,0.000228798,0.000162689,0.039172780
qtp,p,0.849999,V,5.130000,-6.020000,0.849999,onboard,6,0.004567720,0.013437704,0.000166147,0.000154237,0.039262179
qtp,p,0.859999,V,5.130000,-6.020000,0.859999,onboard,6,0.004536930,0.013445992,0.000169910,0.000156358,0.039333880
qtp,p,0.869999,V,5.130000,-6.020000,0.869999,onboard,6,0.004474842,0.013417932,0.000141769,0.000154613,0.039371699
qtp,p,0.879999,V,5.130000,-6.020000,0.879999,onboard,6,0.004418584,0.013431743,0.000159699,0.000147426,0.039415278
qtp,p,0.889999,V,5.130000,-6.020000,0.889999,onboard,6,0.004401773,0.013421484,0.000137381,0.000132773,0.039432276
qtp,p,0.899999,V,5.130000,-6.020000,0.899999,onboard,6,0.004402413,0.013431524,0.000098128,0.000120400,0.039544445
qtp,p,0.909999,V,5.130000,-6.020000,0.909999,onboard,6,0.004369667,0.013430015,0.000146269,0.000124048,0.039603900
qtp,p,0.919999,V,5.130000,-6.020000,0.919999,onboard,6,0.004314892,0.013429021,0.000160325,0.000118864,0.039673846
qtp,p,0.929999,V,5.130000,-6.020000,0.929999,onboard,6,0.004269445,0.013435458,0.000168991,0.000105803,0.039726477
qtp,p,0.939999,V,5.130000,-6.020000,0.939999,onboard,6,0.004261510,0.013414320,0.000140429,0.000100521,0.039775580
qtp,p,0.949999,V,5.130000,-6.020000,0.949999,onboard,6,0.004263615,0.013405837,0.000113664,0.000089184,0.039834183
qtp,p,0.959999,V,5.130000,-6.020000,0.959999,onboard,6,0.004238819,0.013429490,0.000108851,0.000081904,0.039908383
qtp,p,0.969999,V,5.130000,-6.020000,0.969999,onboard,6,0.004175070,0.013418998,0.000119377,0.000084975,0.039950889
qtp,p,0.979999,V,5.130000,-6.020000,0.979999,onboard,6,0.004116405,0.013422142,0.000135014,0.000077665,0.040001430
qtp,p,0.989999,V,5.130000,-6.020000,0.989999,onboard,6,0.004114061,0.013415513,0.000146499,0.000062464,0.040064979
qtp,p,0.999999,V,5.130000,-6.020000,0.999999,onboard,6,0.004101883,0.013391904,0.000065620,0.000051505,0.040120728
qtp,p,1.009999,V,5.130000,-6.020000,1.009999,onboard,6,0.004074443,0.013406128,0.000126912,0.000053658,0.040182207
qtp,p,1.019999,V,5.130000,-6.020000,1.019999,onboard,6,0.004005037,0.013394427,0.000172668,0.000046428,0.040246546
qtp,p,1.029999,V,5.130000,-6.020000,1.029999,onboard,6,0.003965028,0.013399710,0.000095886,0.000041532,0.040322091
qtp,p,1.039999,V,5.130000,-6.020000,1.039999,onboard,6,0.003957615,0.013394306,0.000055637,0.000029971,0.040396914
qtp,p,1.049999,V,5.130000,-6.020000,1.049999,onboard,6,0.003950484,0.013383235,0.000132389,0.000025372,0.040448744
qtp,p,1.059999,V,5.130000,-6.020000,1.059999,onboard,6,0.003928673,0.013386254,0.000132528,0.000030828,0.040510111
qtp,p,1.069999,V,5.130000,-6.020000,1.069999,onboard,6,0.003860109,0.013370867,0.000067948,0.000018538,0.040561169
qtp,p,1.079999,V,5.130000,-6.020000,1.079999,onboard,6,0.003810167,0.013368699,0.000061902,0.000019544,0.040608380
qtp,p,1.089999,V,5.130000,-6.020000,1.089999,onboard,6,0.003800545,0.013385132,0.000092904,0.000023039,0.040699597
qtp,p,1.099999,V,5.130000,-6.020000,1.099999,onboard,6,0.003791311,0.013359710,0.000090380,0.000033953,0.040781327
qtp,p,1.109999,V,5.130000,-6.020000,1.109999,onboard,6,0.003764613,0.013360374,0.000094165,0.000038238,0.040832952
qtp,p,1.119999,V,5.130000,-6.020000,1.119999,onboard,6,0.003701247,0.013355035,0.000093000,0.000038910,0.040890101
qtp,p,1.129999,V,5.130000,-6.020000,1.129999,onboard,6,0.003649822,0.013356366,0.000169373,0.000046664,0.040948201
qtp,p,1.139999,V,5.130000,-6.020000,1.139999,onboard,6,0.003641305,0.013357408,0.000097046,0.000054827,0.041005552
qtp,p,1.149999,V,5.130000,-6.020000,1.149999,onboard,6,0.003645128,0.013342709,0.000097180,0.000063072,0.041074820
qtp,p,1.159999,V,5.130000,-6.020000,1.159999,onboard,6,0.003609260,0.013339802,0.000129484,0.000071134,0.041128840
qtp,p,1.169999,V,5.130000,-6.020000,1.169999,onboard,6,0.003544064,0.013331831,0.000127500,0.000073815,0.041185196
qtp,p,1.179999,V,5.130000,-6.020000,1.179999,onboard,6,0.003502063,0.013325891,0.000123543,0.000085711,0.041233849
qtp,p,1.189999,V,5.130000,-6.020000,1.189999,onboard,6,0.003485092,0.013329494,0.000141507,0.000087943,0.041288648
qtp,p,1.199999,V,5.130000,-6.020000,1.199999,onboard,6,0.003487618,0.013310145,0.000160373,0.000098386,0.041342959
qtp,p,1.209999,V,5.130000,-6.020000,1.209999,onboard,6,0.003453071,0.013316464,0.000156317,0.000106998,0.041387409
qtp,p,1.219999,V,5.130000,-6.020000,1.219999,onboard,6,0.003388708,0.013309791,0.000160668,0.000109878,0.041447554
qtp,p,1.229999,V,5.130000,-6.020000,1.229999,onboard,6,0.003341869,0.013312344,0.000159881,0.000114024,0.041512776
qtp,p,1.239999,V,5.130000,-6.020000,1.239999,onboard,6,0.003323151,0.013299477,0.000171338,0.000126097,0.041546661
qtp,p,1.249999,V,5.130000,-6.020000,1.249999,onboard,6,0.003309260,0.013282380,0.000172539,0.000131204,0.041600481
qtp,p,1.259999,V,5.130000,-6.020000,1.259999,onboard,6,0.003282472,0.013291928,0.000141356,0.000137614,0.041657228
qtp,p,1.269999,V,5.130000,-6.020000,1.269999,onboard,6,0.003220245,0.013286962,0.000171853,0.000144556,0.041720789
qtp,p,1.279999,V,5.130000,-6.020000,1.279999,onboard,6,0.003168100,0.013286330,0.000187833,0.000154030,0.041789535
qtp,p,1.289999,V,5.130000,-6.020000,1.289999,onboard,6,0.003165050,0.013287035,0.000167998,0.000162407,0.041860607
qtp,p,1.299999,V,5.130000,-6.020000,1.299999,onboard,6,0.003160535,0.013279054,0.000204201,0.000173721,0.041932497
qtp,p,1.309999,V,5.130000,-6.020000,1.309999,onboard,6,0.003126058,0.013282274,0.000204701,0.000179635,0.041992780
qtp,p,1.319999,V,5.130000,-6.020000,1.319999,onboard,6,0.003062703,0.013260338,0.000232613,0.000187593,0.042031560
qtp,p,1.329999,V,5.130000,-6.020000,1.329999,onboard,6,0.003023193,0.013265242,0.000201099,0.000183358,0.042097677
qtp,p,1.339999,V,5.130000,-6.020000,1.339999,onboard,6,0.003015012,0.013264730,0.000188145,0.000188892,0.042176083
qtp,p,1.349999,V,5.130000,-6.020000,1.349999,onboard,6,0.003006924,0.013238409,0.000236141,0.000203660,0.042217102
qtp,p,1.359999,V,5.130000,-6.020000,1.359999,onboard,6,0.002974200,0.013227827,0.000245411,0.000214820,0.042247649
qtp,p,1.369999,V,5.130000,-6.020000,1.369999,onboard,6,0.002912603,0.013228037,0.000249334,0.000215721,0.042315114
qtp,p,1.379999,V,5.130000,-6.020000,1.379999,onboard,6,0.002869827,0.013230884,0.000224122,0.000223656,0.042401209
qtp,p,1.389999,V,5.130000,-6.020000,1.389999,onboard,6,0.002861344,0.013224141,0.000246477,0.000228227,0.042487759
qtp,p,1.399999,V,5.130000,-6.020000,1.399999,onboard,6,0.002851902,0.013215594,0.000287703,0.000242582,0.042550921
qtp,p,1.409999,V,5.130000,-6.020000,1.409999,onboard,6,0.002811773,0.013216888,0.000266394,0.000245946,0.042600404
qtp,p,1.419999,V,5.130000,-6.020000,1.419999,onboard,6,0.002752086,0.013186570,0.000276660,0.000255757,0.042624846
qtp,p,1.429999,V,5.130000,-6.020000,1.429999,onboard,6,0.002706458,0.013188493,0.000284939,0.000254306,0.042657927
qtp,p,1.439999,V,5.130000,-6.020000,1.439999,onboard,6,0.002683837,0.013193456,0.000314283,0.000261760,0.042753283
qtp,p,1.449999,V,5.130000,-6.020000,1.449999,onboard,6,0.002673512,0.013174375,0.000365801,0.000270512,0.042823568
qtp,p,1.459999,V,5.130000,-6.020000,1.459999,onboard,6,0.002646164,0.013176288,0.000309722,0.000272505,0.042879865
qtp,p,1.469999,V,5.130000,-6.020000,1.469999,onboard,6,0.002583850,0.013153563,0.000319316,0.000283396,0.042920738
qtp,p,1.479999,V,5.130000,-6.020000,1.479999,onboard,6,0.002542475,0.013153438,0.000329813,0.000297884,0.042975385
qtp,p,1.489999,V,5.130000,-6.020000,1.489999,onboard,6,0.002522405,0.013159622,0.000356410,0.000303028,0.043062955
qtp,p,1.499999,V,5.130000,-6.020000,1.499999,onboard,6,0.002515096,0.013149952,0.000369007,0.000311157,0.043143883
qtp,p,1.509999,V,5.130000,-6.020000,1.509999,onboard,6,0.002484937,0.013143774,0.000338198,0.000313597,0.043206345
qtp,p,1.519999,V,5.130000,-6.020000,1.519999,onboard,6,0.002410454,0.013127166,0.000381800,0.000321922,0.043241333
qtp,p,1.529999,V,5.130000,-6.020000,1.529999,onboard,6,0.002378434,0.013127298,0.000386461,0.000329026,0.043302152
qtp,p,1.539999,V,5.130000,-6.020000,1.539999,onboard,6,0.002363038,0.013124473,0.000376760,0.000333500,0.043379799
qtp,p,1.549999,V,5.130000,-6.020000,1.549999,onboard,6,0.002352954,0.013111546,0.000389723,0.000347690,0.043439921
qtp,p,1.559999,V,5.130000,-6.020000,1.559999,onboard,6,0.002316957,0.013121304,0.000384657,0.000354987,0.043497007
qtp,p,1.569999,V,5.130000,-6.020000,1.569999,onboard,6,0.002263631,0.013104846,0.000427610,0.000353638,0.043569911
qtp,p,1.579999,V,5.130000,-6.020000,1.579999,onboard,6,0.002205767,0.013102598,0.000396323,0.000364913,0.043624911
qtp,p,1.589999,V,5.130000,-6.020000,1.589999,onboard,6,0.002188040,0.013091094,0.000408088,0.000373898,0.043676969
qtp,p,1.599999,V,5.130000,-6.020000,1.599999,onboard,6,0.002181132,0.013086569,0.000431844,0.000385596,0.043734118
qtp,p,1.609999,V,5.130000,-6.020000,1.609999,onboard,6,0.002148912,0.013096285,0.000434376,0.000384946,0.043812227
qtp,p,1.619999,V,5.130000,-6.020000,1.619999,onboard,6,0.002092136,0.013057685,0.000460949,0.000394345,0.043831345
