segment_index,segment_state,stage,target_channel,sweep_value,sweep_unit,bias_I,bias_Q,bias_P,pilot_mode,blocks,mag_fI,mag_fQ,mag_fdiff_200,mag_fsum_2200,dc
11,FINE_SCAN_Q_FINE,mitp,q,-6.899993,V,5.600014,-6.899993,1.519997,onboard,10,0.000000000,0.029094860,0.000000000,0.000000000,0.022912007
11,FINE_SCAN_Q_FINE,mitp,q,-6.889993,V,5.600014,-6.889993,1.519997,onboard,10,0.000000000,0.029504597,0.000000000,0.000000000,0.003708705
11,FINE_SCAN_Q_FINE,mitp,q,-6.879992,V,5.600014,-6.879992,1.519997,onboard,10,0.000000000,0.029266868,0.000000000,0.000000000,0.002847527
11,FINE_SCAN_Q_FINE,mitp,q,-6.869992,V,5.600014,-6.869992,1.519997,onboard,10,0.000000000,0.028899569,0.000000000,0.000000000,0.002663436
11,FINE_SCAN_Q_FINE,mitp,q,-6.859992,V,5.600014,-6.859992,1.519997,onboard,10,0.000000000,0.028516719,0.000000000,0.000000000,0.002515425
11,FINE_SCAN_Q_FINE,mitp,q,-6.849992,V,5.600014,-6.849992,1.519997,onboard,10,0.000000000,0.028054718,0.000000000,0.000000000,0.002362162
11,FINE_SCAN_Q_FINE,mitp,q,-6.839992,V,5.600014,-6.839992,1.519997,onboard,10,0.000000000,0.027653292,0.000000000,0.000000000,0.002224726
11,FINE_SCAN_Q_FINE,mitp,q,-6.829991,V,5.600014,-6.829991,1.519997,onboard,10,0.000000000,0.027194012,0.000000000,0.000000000,0.002085114
11,FINE_SCAN_Q_FINE,mitp,q,-6.819991,V,5.600014,-6.819991,1.519997,onboard,10,0.000000000,0.026713923,0.000000000,0.000000000,0.001946507
11,FINE_SCAN_Q_FINE,mitp,q,-6.809991,V,5.600014,-6.809991,1.519997,onboard,10,0.000000000,0.026210135,0.000000000,0.000000000,0.001809486
11,FINE_SCAN_Q_FINE,mitp,q,-6.799991,V,5.600014,-6.799991,1.519997,onboard,10,0.000000000,0.025737127,0.000000000,0.000000000,0.001676831
11,FINE_SCAN_Q_FINE,mitp,q,-6.789990,V,5.600014,-6.789990,1.519997,onboard,10,0.000000000,0.025282294,0.000000000,0.000000000,0.001537188
11,FINE_SCAN_Q_FINE,mitp,q,-6.779990,V,5.600014,-6.779990,1.519997,onboard,10,0.000000000,0.024817429,0.000000000,0.000000000,0.001393712
11,FINE_SCAN_Q_FINE,mitp,q,-6.769990,V,5.600014,-6.769990,1.519997,onboard,10,0.000000000,0.024377154,0.000000000,0.000000000,0.001251148
11,FINE_SCAN_Q_FINE,mitp,q,-6.759990,V,5.600014,-6.759990,1.519997,onboard,10,0.000000000,0.023879454,0.000000000,0.000000000,0.001108983
11,FINE_SCAN_Q_FINE,mitp,q,-6.749990,V,5.600014,-6.749990,1.519997,onboard,10,0.000000000,0.023383405,0.000000000,0.000000000,0.000978948
11,FINE_SCAN_Q_FINE,mitp,q,-6.739989,V,5.600014,-6.739989,1.519997,onboard,10,0.000000000,0.022882560,0.000000000,0.000000000,0.000856821
11,FINE_SCAN_Q_FINE,mitp,q,-6.729989,V,5.600014,-6.729989,1.519997,onboard,10,0.000000000,0.022351677,0.000000000,0.000000000,0.000734697
11,FINE_SCAN_Q_FINE,mitp,q,-6.719989,V,5.600014,-6.719989,1.519997,onboard,10,0.000000000,0.021857912,0.000000000,0.000000000,0.000616301
11,FINE_SCAN_Q_FINE,mitp,q,-6.709989,V,5.600014,-6.709989,1.519997,onboard,10,0.000000000,0.021367012,0.000000000,0.000000000,0.000497543
11,FINE_SCAN_Q_FINE,mitp,q,-6.699988,V,5.600014,-6.699988,1.519997,onboard,10,0.000000000,0.020844376,0.000000000,0.000000000,0.000379848
11,FINE_SCAN_Q_FINE,mitp,q,-6.689988,V,5.600014,-6.689988,1.519997,onboard,10,0.000000000,0.020338323,0.000000000,0.000000000,0.000267245
11,FINE_SCAN_Q_FINE,mitp,q,-6.679988,V,5.600014,-6.679988,1.519997,onboard,10,0.000000000,0.019823432,0.000000000,0.000000000,0.000153818
11,FINE_SCAN_Q_FINE,mitp,q,-6.669988,V,5.600014,-6.669988,1.519997,onboard,10,0.000000000,0.019315910,0.000000000,0.000000000,0.000033851
11,FINE_SCAN_Q_FINE,mitp,q,-6.659987,V,5.600014,-6.659987,1.519997,onboard,10,0.000000000,0.018791357,0.000000000,0.000000000,-0.000072368
11,FINE_SCAN_Q_FINE,mitp,q,-6.649987,V,5.600014,-6.649987,1.519997,onboard,10,0.000000000,0.018262047,0.000000000,0.000000000,-0.000199969
11,FINE_SCAN_Q_FINE,mitp,q,-6.639987,V,5.600014,-6.639987,1.519997,onboard,10,0.000000000,0.017752808,0.000000000,0.000000000,-0.000287849
11,FINE_SCAN_Q_FINE,mitp,q,-6.629987,V,5.600014,-6.629987,1.519997,onboard,10,0.000000000,0.017255774,0.000000000,0.000000000,-0.000381860
11,FINE_SCAN_Q_FINE,mitp,q,-6.619987,V,5.600014,-6.619987,1.519997,onboard,10,0.000000000,0.016765077,0.000000000,0.000000000,-0.000479815
11,FINE_SCAN_Q_FINE,mitp,q,-6.609986,V,5.600014,-6.609986,1.519997,onboard,10,0.000000000,0.016268320,0.000000000,0.000000000,-0.000588506
11,FINE_SCAN_Q_FINE,mitp,q,-6.599986,V,5.600014,-6.599986,1.519997,onboard,10,0.000000000,0.015750190,0.000000000,0.000000000,-0.000700123
11,FINE_SCAN_Q_FINE,mitp,q,-6.589986,V,5.600014,-6.589986,1.519997,onboard,10,0.000000000,0.015226193,0.000000000,0.000000000,-0.000804358
11,FINE_SCAN_Q_FINE,mitp,q,-6.579986,V,5.600014,-6.579986,1.519997,onboard,10,0.000000000,0.014694427,0.000000000,0.000000000,-0.000895992
11,FINE_SCAN_Q_FINE,mitp,q,-6.569985,V,5.600014,-6.569985,1.519997,onboard,10,0.000000000,0.014171325,0.000000000,0.000000000,-0.000977422
11,FINE_SCAN_Q_FINE,mitp,q,-6.559985,V,5.600014,-6.559985,1.519997,onboard,10,0.000000000,0.013640657,0.000000000,0.000000000,-0.001056933
11,FINE_SCAN_Q_FINE,mitp,q,-6.549985,V,5.600014,-6.549985,1.519997,onboard,10,0.000000000,0.013107657,0.000000000,0.000000000,-0.001131125
11,FINE_SCAN_Q_FINE,mitp,q,-6.539985,V,5.600014,-6.539985,1.519997,onboard,10,0.000000000,0.012586126,0.000000000,0.000000000,-0.001198616
11,FINE_SCAN_Q_FINE,mitp,q,-6.529984,V,5.600014,-6.529984,1.519997,onboard,10,0.000000000,0.012062483,0.000000000,0.000000000,-0.001256425
11,FINE_SCAN_Q_FINE,mitp,q,-6.519984,V,5.600014,-6.519984,1.519997,onboard,10,0.000000000,0.011531050,0.000000000,0.000000000,-0.001313296
11,FINE_SCAN_Q_FINE,mitp,q,-6.509984,V,5.600014,-6.509984,1.519997,onboard,10,0.000000000,0.011009578,0.000000000,0.000000000,-0.001373514
11,FINE_SCAN_Q_FINE,mitp,q,-6.499984,V,5.600014,-6.499984,1.519997,onboard,10,0.000000000,0.010471455,0.000000000,0.000000000,-0.001428035
11,FINE_SCAN_Q_FINE,mitp,q,-6.489984,V,5.600014,-6.489984,1.519997,onboard,10,0.000000000,0.009939024,0.000000000,0.000000000,-0.001486658
11,FINE_SCAN_Q_FINE,mitp,q,-6.479983,V,5.600014,-6.479983,1.519997,onboard,10,0.000000000,0.009423064,0.000000000,0.000000000,-0.001542390
11,FINE_SCAN_Q_FINE,mitp,q,-6.469983,V,5.600014,-6.469983,1.519997,onboard,10,0.000000000,0.008924747,0.000000000,0.000000000,-0.001595829
11,FINE_SCAN_Q_FINE,mitp,q,-6.459983,V,5.600014,-6.459983,1.519997,onboard,10,0.000000000,0.008411854,0.000000000,0.000000000,-0.001648528
11,FINE_SCAN_Q_FINE,mitp,q,-6.449983,V,5.600014,-6.449983,1.519997,onboard,10,0.000000000,0.007884679,0.000000000,0.000000000,-0.001706555
11,FINE_SCAN_Q_FINE,mitp,q,-6.439982,V,5.600014,-6.439982,1.519997,onboard,10,0.000000000,0.007355915,0.000000000,0.000000000,-0.001759216
11,FINE_SCAN_Q_FINE,mitp,q,-6.429982,V,5.600014,-6.429982,1.519997,onboard,10,0.000000000,0.006822945,0.000000000,0.000000000,-0.001799349
11,FINE_SCAN_Q_FINE,mitp,q,-6.419982,V,5.600014,-6.419982,1.519997,onboard,10,0.000000000,0.006285879,0.000000000,0.000000000,-0.001833469
11,FINE_SCAN_Q_FINE,mitp,q,-6.409982,V,5.600014,-6.409982,1.519997,onboard,10,0.000000000,0.005756453,0.000000000,0.000000000,-0.001858638
11,FINE_SCAN_Q_FINE,mitp,q,-6.399981,V,5.600014,-6.399981,1.519997,onboard,10,0.000000000,0.005214811,0.000000000,0.000000000,-0.001881982
11,FINE_SCAN_Q_FINE,mitp,q,-6.389981,V,5.600014,-6.389981,1.519997,onboard,10,0.000000000,0.004685816,0.000000000,0.000000000,-0.001914677
11,FINE_SCAN_Q_FINE,mitp,q,-6.379981,V,5.600014,-6.379981,1.519997,onboard,10,0.000000000,0.004147054,0.000000000,0.000000000,-0.001956419
11,FINE_SCAN_Q_FINE,mitp,q,-6.369981,V,5.600014,-6.369981,1.519997,onboard,10,0.000000000,0.003614893,0.000000000,0.000000000,-0.001986568
11,FINE_SCAN_Q_FINE,mitp,q,-6.359981,V,5.600014,-6.359981,1.519997,onboard,10,0.000000000,0.003077750,0.000000000,0.000000000,-0.001999707
11,FINE_SCAN_Q_FINE,mitp,q,-6.349980,V,5.600014,-6.349980,1.519997,onboard,10,0.000000000,0.002551092,0.000000000,0.000000000,-0.002020997
11,FINE_SCAN_Q_FINE,mitp,q,-6.339980,V,5.600014,-6.339980,1.519997,onboard,10,0.000000000,0.002027742,0.000000000,0.000000000,-0.002042926
11,FINE_SCAN_Q_FINE,mitp,q,-6.329980,V,5.600014,-6.329980,1.519997,onboard,10,0.000000000,0.001508576,0.000000000,0.000000000,-0.002052503
11,FINE_SCAN_Q_FINE,mitp,q,-6.319980,V,5.600014,-6.319980,1.519997,onboard,10,0.000000000,0.000988032,0.000000000,0.000000000,-0.002049519
11,FINE_SCAN_Q_FINE,mitp,q,-6.309979,V,5.600014,-6.309979,1.519997,onboard,10,0.000000000,0.000463420,0.000000000,0.000000000,-0.002043613
11,FINE_SCAN_Q_FINE,mitp,q,-6.299979,V,5.600014,-6.299979,1.519997,onboard,10,0.000000000,0.000061044,0.000000000,0.000000000,-0.002032751
11,FINE_SCAN_Q_FINE,mitp,q,-6.289979,V,5.600014,-6.289979,1.519997,onboard,10,0.000000000,0.000591487,0.000000000,0.000000000,-0.002047654
11,FINE_SCAN_Q_FINE,mitp,q,-6.279979,V,5.600014,-6.279979,1.519997,onboard,10,0.000000000,0.001127122,0.000000000,0.000000000,-0.002043118
11,FINE_SCAN_Q_FINE,mitp,q,-6.269979,V,5.600014,-6.269979,1.519997,onboard,10,0.000000000,0.001660082,0.000000000,0.000000000,-0.002029604
11,FINE_SCAN_Q_FINE,mitp,q,-6.259978,V,5.600014,-6.259978,1.519997,onboard,10,0.000000000,0.002200862,0.000000000,0.000000000,-0.002029901
11,FINE_SCAN_Q_FINE,mitp,q,-6.249978,V,5.600014,-6.249978,1.519997,onboard,10,0.000000000,0.002739905,0.000000000,0.000000000,-0.002019317
11,FINE_SCAN_Q_FINE,mitp,q,-6.239978,V,5.600014,-6.239978,1.519997,onboard,10,0.000000000,0.003289857,0.000000000,0.000000000,-0.001997312
11,FINE_SCAN_Q_FINE,mitp,q,-6.229978,V,5.600014,-6.229978,1.519997,onboard,10,0.000000000,0.003831882,0.000000000,0.000000000,-0.001969209
11,FINE_SCAN_Q_FINE,mitp,q,-6.219977,V,5.600014,-6.219977,1.519997,onboard,10,0.000000000,0.004376763,0.000000000,0.000000000,-0.001958937
11,FINE_SCAN_Q_FINE,mitp,q,-6.209977,V,5.600014,-6.209977,1.519997,onboard,10,0.000000000,0.004912531,0.000000000,0.000000000,-0.001951890
11,FINE_SCAN_Q_FINE,mitp,q,-6.199977,V,5.600014,-6.199977,1.519997,onboard,10,0.000000000,0.005443768,0.000000000,0.000000000,-0.001919297
11,FINE_SCAN_Q_FINE,mitp,q,-6.189977,V,5.600014,-6.189977,1.519997,onboard,10,0.000000000,0.005976493,0.000000000,0.000000000,-0.001881487
11,FINE_SCAN_Q_FINE,mitp,q,-6.179976,V,5.600014,-6.179976,1.519997,onboard,10,0.000000000,0.006489765,0.000000000,0.000000000,-0.001852565
11,FINE_SCAN_Q_FINE,mitp,q,-6.169976,V,5.600014,-6.169976,1.519997,onboard,10,0.000000000,0.007012674,0.000000000,0.000000000,-0.001816061
11,FINE_SCAN_Q_FINE,mitp,q,-6.159976,V,5.600014,-6.159976,1.519997,onboard,10,0.000000000,0.007535929,0.000000000,0.000000000,-0.001766479
11,FINE_SCAN_Q_FINE,mitp,q,-6.149976,V,5.600014,-6.149976,1.519997,onboard,10,0.000000000,0.008074047,0.000000000,0.000000000,-0.001743929
11,FINE_SCAN_Q_FINE,mitp,q,-6.139976,V,5.600014,-6.139976,1.519997,onboard,10,0.000000000,0.008610948,0.000000000,0.000000000,-0.001674512
11,FINE_SCAN_Q_FINE,mitp,q,-6.129975,V,5.600014,-6.129975,1.519997,onboard,10,0.000000000,0.009140892,0.000000000,0.000000000,-0.001609966
11,FINE_SCAN_Q_FINE,mitp,q,-6.119975,V,5.600014,-6.119975,1.519997,onboard,10,0.000000000,0.009677997,0.000000000,0.000000000,-0.001553717
11,FINE_SCAN_Q_FINE,mitp,q,-6.109975,V,5.600014,-6.109975,1.519997,onboard,10,0.000000000,0.010217314,0.000000000,0.000000000,-0.001519618
11,FINE_SCAN_Q_FINE,mitp,q,-6.099975,V,5.600014,-6.099975,1.519997,onboard,10,0.000000000,0.010749967,0.000000000,0.000000000,-0.001450894
11,FINE_SCAN_Q_FINE,mitp,q,-6.089974,V,5.600014,-6.089974,1.519997,onboard,10,0.000000000,0.011280794,0.000000000,0.000000000,-0.001378545
11,FINE_SCAN_Q_FINE,mitp,q,-6.079974,V,5.600014,-6.079974,1.519997,onboard,10,0.000000000,0.011817123,0.000000000,0.000000000,-0.001311789
11,FINE_SCAN_Q_FINE,mitp,q,-6.069974,V,5.600014,-6.069974,1.519997,onboard,10,0.000000000,0.012356988,0.000000000,0.000000000,-0.001245667
11,FINE_SCAN_Q_FINE,mitp,q,-6.059974,V,5.600014,-6.059974,1.519997,onboard,10,0.000000000,0.012900649,0.000000000,0.000000000,-0.001183747
11,FINE_SCAN_Q_FINE,mitp,q,-6.049973,V,5.600014,-6.049973,1.519997,onboard,10,0.000000000,0.013437857,0.000000000,0.000000000,-0.001106613
11,FINE_SCAN_Q_FINE,mitp,q,-6.039973,V,5.600014,-6.039973,1.519997,onboard,10,0.000000000,0.013942060,0.000000000,0.000000000,-0.001022996
11,FINE_SCAN_Q_FINE,mitp,q,-6.029973,V,5.600014,-6.029973,1.519997,onboard,10,0.000000000,0.014467673,0.000000000,0.000000000,-0.000937991
11,FINE_SCAN_Q_FINE,mitp,q,-6.019973,V,5.600014,-6.019973,1.519997,onboard,10,0.000000000,0.014984787,0.000000000,0.000000000,-0.000856399
11,FINE_SCAN_Q_FINE,mitp,q,-6.009973,V,5.600014,-6.009973,1.519997,onboard,10,0.000000000,0.015503575,0.000000000,0.000000000,-0.000780057
11,FINE_SCAN_Q_FINE,mitp,q,-5.999972,V,5.600014,-5.999972,1.519997,onboard,10,0.000000000,0.016046694,0.000000000,0.000000000,-0.000695170
11,FINE_SCAN_Q_FINE,mitp,q,-5.989972,V,5.600014,-5.989972,1.519997,onboard,10,0.000000000,0.016583795,0.000000000,0.000000000,-0.000604081
11,FINE_SCAN_Q_FINE,mitp,q,-5.979972,V,5.600014,-5.979972,1.519997,onboard,10,0.000000000,0.017123260,0.000000000,0.000000000,-0.000505418
11,FINE_SCAN_Q_FINE,mitp,q,-5.969972,V,5.600014,-5.969972,1.519997,onboard,10,0.000000000,0.017669771,0.000000000,0.000000000,-0.000396044
11,FINE_SCAN_Q_FINE,mitp,q,-5.959971,V,5.600014,-5.959971,1.519997,onboard,10,0.000000000,0.018199401,0.000000000,0.000000000,-0.000279538
11,FINE_SCAN_Q_FINE,mitp,q,-5.949971,V,5.600014,-5.949971,1.519997,onboard,10,0.000000000,0.018725723,0.000000000,0.000000000,-0.000153155
11,FINE_SCAN_Q_FINE,mitp,q,-5.939971,V,5.600014,-5.939971,1.519997,onboard,10,0.000000000,0.019266345,0.000000000,0.000000000,-0.000022403
11,FINE_SCAN_Q_FINE,mitp,q,-5.929971,V,5.600014,-5.929971,1.519997,onboard,10,0.000000000,0.019785598,0.000000000,0.000000000,0.000079363
11,FINE_SCAN_Q_FINE,mitp,q,-5.919971,V,5.600014,-5.919971,1.519997,onboard,10,0.000000000,0.020342054,0.000000000,0.000000000,0.000185686
11,FINE_SCAN_Q_FINE,mitp,q,-5.909970,V,5.600014,-5.909970,1.519997,onboard,10,0.000000000,0.020881515,0.000000000,0.000000000,0.000301290
11,FINE_SCAN_Q_FINE,mitp,q,-5.899970,V,5.600014,-5.899970,1.519997,onboard,10,0.000000000,0.021403069,0.000000000,0.000000000,0.000427138
11,FINE_SCAN_Q_FINE,mitp,q,-5.889970,V,5.600014,-5.889970,1.519997,onboard,10,0.000000000,0.021939341,0.000000000,0.000000000,0.000558408
11,FINE_SCAN_Q_FINE,mitp,q,-5.879970,V,5.600014,-5.879970,1.519997,onboard,10,0.000000000,0.022447806,0.000000000,0.000000000,0.000689284
11,FINE_SCAN_Q_FINE,mitp,q,-5.869969,V,5.600014,-5.869969,1.519997,onboard,10,0.000000000,0.022926982,0.000000000,0.000000000,0.000786652
11,FINE_SCAN_Q_FINE,mitp,q,-5.859969,V,5.600014,-5.859969,1.519997,onboard,10,0.000000000,0.023429912,0.000000000,0.000000000,0.000904497
11,FINE_SCAN_Q_FINE,mitp,q,-5.849969,V,5.600014,-5.849969,1.519997,onboard,10,0.000000000,0.023947727,0.000000000,0.000000000,0.001049689
11,FINE_SCAN_Q_FINE,mitp,q,-5.839969,V,5.600014,-5.839969,1.519997,onboard,10,0.000000000,0.024508765,0.000000000,0.000000000,0.001223271
11,FINE_SCAN_Q_FINE,mitp,q,-5.829968,V,5.600014,-5.829968,1.519997,onboard,10,0.000000000,0.025053088,0.000000000,0.000000000,0.001378466
11,FINE_SCAN_Q_FINE,mitp,q,-5.819968,V,5.600014,-5.819968,1.519997,onboard,10,0.000000000,0.025569212,0.000000000,0.000000000,0.001504697
11,FINE_SCAN_Q_FINE,mitp,q,-5.809968,V,5.600014,-5.809968,1.519997,onboard,10,0.000000000,0.026101176,0.000000000,0.000000000,0.001646096
11,FINE_SCAN_Q_FINE,mitp,q,-5.799968,V,5.600014,-5.799968,1.519997,onboard,10,0.000000000,0.026627759,0.000000000,0.000000000,0.001800787
11,FINE_SCAN_Q_FINE,mitp,q,-5.789968,V,5.600014,-5.789968,1.519997,onboard,10,0.000000000,0.027173188,0.000000000,0.000000000,0.001959855
11,FINE_SCAN_Q_FINE,mitp,q,-5.779967,V,5.600014,-5.779967,1.519997,onboard,10,0.000000000,0.027685467,0.000000000,0.000000000,0.002121530
11,FINE_SCAN_Q_FINE,mitp,q,-5.769967,V,5.600014,-5.769967,1.519997,onboard,10,0.000000000,0.028250087,0.000000000,0.000000000,0.002293140
11,FINE_SCAN_Q_FINE,mitp,q,-5.759967,V,5.600014,-5.759967,1.519997,onboard,10,0.000000000,0.028777514,0.000000000,0.000000000,0.002467924
11,FINE_SCAN_Q_FINE,mitp,q,-5.749967,V,5.600014,-5.749967,1.519997,onboard,10,0.000000000,0.029299816,0.000000000,0.000000000,0.002645219
11,FINE_SCAN_Q_FINE,mitp,q,-5.739966,V,5.600014,-5.739966,1.519997,onboard,10,0.000000000,0.029827129,0.000000000,0.000000000,0.002818226
11,FINE_SCAN_Q_FINE,mitp,q,-5.729966,V,5.600014,-5.729966,1.519997,onboard,10,0.000000000,0.030337015,0.000000000,0.000000000,0.002993704
11,FINE_SCAN_Q_FINE,mitp,q,-5.719966,V,5.600014,-5.719966,1.519997,onboard,10,0.000000000,0.030820465,0.000000000,0.000000000,0.003170889
11,FINE_SCAN_Q_FINE,mitp,q,-5.709966,V,5.600014,-5.709966,1.519997,onboard,10,0.000000000,0.031310678,0.000000000,0.000000000,0.003360019
